<<<<<<< HEAD
customer_id,first_name,last_name,phone_number,username,email_address,national_id,dob,address
1,Mikayla,Lopez,0492246315,mikayla.lopez66,mikayla.lopez66@yahoo.com,424294481099,1991-02-14,"1026 Christopher Light Suite 174 Port Joshuaborough, PA 69881"
2,Nathan,Scott,0310417455,nathan.scott41,nathan.scott41@hotmail.com,362349438000,1974-09-15,"1365 Ashley Orchard Apt. 438 Josephstad, NH 99246"
3,Andrew,Owens,0880732932,andrew.owens87,andrew.owens87@gmail.com,603725800547,2002-07-25,"1869 Miller Burg Weaverburgh, MA 52153"
4,Tanner,Anderson,0554197594,tanner.anderson40,tanner.anderson40@hotmail.com,209963701392,1999-11-01,"93952 Harrell Forge North Todd, SD 22856"
5,Christina,Myers,0829109049,christina.myers5,christina.myers5@hotmail.com,614471628637,1955-09-08,"62408 Andrew Ways Apt. 146 Robertsonbury, VT 81287"
6,Ronnie,Hammond,0627035122,ronnie.hammond26,ronnie.hammond26@yahoo.com,944070878743,1956-11-07,"7910 Anthony Cove Suite 488 Smithbury, SD 05694"
7,Michael,Parker,0926573699,michael.parker39,michael.parker39@yahoo.com,951826216591,2005-05-02,"6619 Debra Row Apt. 131 North Zachary, IN 61909"
8,Susan,Simmons,0976833808,susan.simmons97,susan.simmons97@yahoo.com,348327914611,1987-05-25,"83327 Taylor Terrace Suite 698 Cooperville, AL 36469"
9,Elizabeth,Charles,0153847588,elizabeth.charles85,elizabeth.charles85@gmail.com,820562671314,2006-04-18,"50988 Deanna Center East Jason, MS 72821"
10,Bonnie,Gardner,0582150541,bonnie.gardner68,bonnie.gardner68@hotmail.com,031533381530,1980-04-29,"880 Johnson Ranch Port Erin, MS 12645"
11,Janet,Goodwin,0616814990,janet.goodwin17,janet.goodwin17@yahoo.com,581913174811,1990-07-02,"PSC 3010, Box 0468 APO AE 27204"
12,Shane,Harris,0493307119,shane.harris89,shane.harris89@gmail.com,560432867402,1999-02-22,"81743 Michael Grove East Lindsay, CO 90782"
13,Madison,Baker,0679330580,madison.baker25,madison.baker25@hotmail.com,326499352034,1978-01-11,Unit 2626 Box 0837 DPO AE 61518
14,Sophia,Mckenzie,0111770701,sophia.mckenzie11,sophia.mckenzie11@gmail.com,686244137759,1973-08-07,"4732 Kristie Place New Marissa, MO 37603"
15,Brian,Obrien,0509963015,brian.obrien72,brian.obrien72@yahoo.com,571232766640,1984-09-13,"4560 Eric Ford Suite 620 East Barbarabury, OK 96879"
16,Cody,Morrison,0183287885,cody.morrison37,cody.morrison37@hotmail.com,114979864858,1957-04-06,"255 Thompson Manors Spencermouth, OR 56161"
17,Kyle,Moon,0444706324,kyle.moon33,kyle.moon33@gmail.com,705990778279,1971-04-20,"5009 Murphy Burgs Melissafort, NH 40550"
18,Lisa,Powell,0291424051,lisa.powell72,lisa.powell72@yahoo.com,438167887430,1959-03-21,"212 Ortiz Mountains West Juliaberg, DC 61851"
19,Natalie,Burton,0128303937,natalie.burton33,natalie.burton33@gmail.com,117114333737,2002-08-19,"264 Melissa Glen Apt. 056 Port Joanfort, KY 99147"
20,William,Patterson,0858411252,william.patterson3,william.patterson3@hotmail.com,568389834591,1973-06-07,"6497 Jonathan Common Suite 461 East Johnshire, AR 36411"
21,Todd,Washington,0153697459,todd.washington54,todd.washington54@hotmail.com,049122193817,1995-11-03,"05234 Daniel Fall Suite 238 Sharonmouth, PW 37874"
22,Christopher,Moore,0233058431,christopher.moore63,christopher.moore63@yahoo.com,161142681157,1955-03-10,"81853 Miranda Road Suite 368 Woodsland, MO 26787"
23,Rebecca,Avila,0729961854,rebecca.avila17,rebecca.avila17@hotmail.com,028467735541,1969-03-06,USS Jenkins FPO AP 52577
24,Jane,Campbell,0294441161,jane.campbell78,jane.campbell78@yahoo.com,399919757294,1986-10-20,USNV Bauer FPO AA 89311
25,Audrey,Rodriguez,0295231885,audrey.rodriguez76,audrey.rodriguez76@gmail.com,378920222905,1989-01-11,"37831 Gray Prairie Suite 079 Wisestad, NY 96071"
26,Christopher,Banks,0881856777,christopher.banks12,christopher.banks12@gmail.com,788830983893,1997-07-25,"828 Harrington Vista Apt. 747 East Angelamouth, ME 76061"
27,Laura,Baxter,0468307312,laura.baxter28,laura.baxter28@gmail.com,624006012213,1957-07-28,"12765 Gilbert Drive Suite 998 Valentineville, PA 24807"
28,Christine,Ortiz,0592056303,christine.ortiz33,christine.ortiz33@yahoo.com,532978806177,1973-09-29,"648 Sherri Dam North Arieltown, DC 43859"
29,Courtney,Cook,0658562005,courtney.cook60,courtney.cook60@yahoo.com,290413161605,1984-12-31,"5320 Brown Overpass Elizabethtown, WI 69412"
30,Susan,Garcia,0011361799,susan.garcia6,susan.garcia6@gmail.com,974785724506,1996-02-22,"2512 Stevenson Corner New Mark, SD 96293"
31,Keith,Harris,0475801401,keith.harris61,keith.harris61@hotmail.com,964078110766,2000-02-10,"PSC 6045, Box 8900 APO AP 89568"
32,Susan,Powell,0691979167,susan.powell62,susan.powell62@hotmail.com,816670327517,1971-04-30,"674 Danielle Trail Apt. 878 West Nicholas, VI 59271"
33,Lisa,Thomas,0654584322,lisa.thomas83,lisa.thomas83@gmail.com,881218036129,1988-06-11,"045 Rodriguez Square South Allison, NJ 09874"
34,Sara,Barton,0557150710,sara.barton15,sara.barton15@hotmail.com,920959808069,1975-11-15,"960 Lisa Greens Apt. 993 East Rachel, MI 23819"
35,Amy,Edwards,0822731355,amy.edwards61,amy.edwards61@hotmail.com,198543882120,1961-03-02,"3454 Cantrell Club Apt. 270 New Patrickchester, ID 56556"
36,Monica,Terry,0333509154,monica.terry15,monica.terry15@gmail.com,309710844812,1998-03-17,"1311 Matthew Square South Gregoryton, MH 37727"
37,Emily,Franklin,0736600494,emily.franklin60,emily.franklin60@yahoo.com,291725565878,1957-08-13,"4470 Joseph Plaza Lake Richardchester, GA 06077"
38,Cindy,Scott,0941375383,cindy.scott64,cindy.scott64@hotmail.com,897225322869,1992-06-06,USS Houston FPO AE 56755
39,Kathryn,Smith,0035366582,kathryn.smith38,kathryn.smith38@yahoo.com,621493797279,1957-01-02,"810 Nunez Locks Suite 907 Kellyville, VT 56854"
40,Jason,Murphy,0456469846,jason.murphy77,jason.murphy77@yahoo.com,986865476965,1977-07-06,"9541 Alexander Rapid Phillipschester, IN 64929"
41,Patrick,Williams,0383706958,patrick.williams51,patrick.williams51@yahoo.com,644925858748,1991-05-08,"0205 Sarah Point Suite 423 Johnathanshire, RI 62299"
42,Nicole,Lopez,0897199891,nicole.lopez61,nicole.lopez61@yahoo.com,357001737274,1970-11-06,"51548 Sarah Dale New Janice, UT 33012"
43,Stephen,Kim,0928867624,stephen.kim35,stephen.kim35@gmail.com,048293426420,2007-04-02,"629 Durham Stream Lake Tammystad, MA 67395"
44,Donald,Hughes,0562822839,donald.hughes73,donald.hughes73@hotmail.com,565260033509,1987-04-17,"983 Pena Plains Apt. 714 Port Kevinville, TN 78391"
45,Anne,Tanner,0852622608,anne.tanner67,anne.tanner67@yahoo.com,097240764444,1976-09-10,"39404 Ramirez Flats Lake Doris, OR 39088"
46,John,Bryant,0269579967,john.bryant71,john.bryant71@gmail.com,116136612264,1956-03-06,"910 Pamela Views Suite 176 West Jason, DC 88173"
47,Kayla,Hinton,0239977045,kayla.hinton91,kayla.hinton91@gmail.com,935343655572,1968-11-15,"8560 Kim Valleys Sarafurt, AK 25059"
48,Kevin,Pugh,0199185644,kevin.pugh47,kevin.pugh47@gmail.com,184249083823,1992-02-15,"4045 Stacy Centers Robinsonhaven, DC 51352"
49,Christopher,Spencer,0329466883,christopher.spencer53,christopher.spencer53@gmail.com,958437326737,1987-08-10,"99586 Wolfe Harbor Apt. 534 Parsonsville, PR 73965"
50,Marcus,Cook,0116432672,marcus.cook34,marcus.cook34@yahoo.com,730913086863,1984-11-02,"174 Erin Track Jamestown, MN 96552"
51,Pamela,Mejia,0508058703,pamela.mejia98,pamela.mejia98@gmail.com,269420277202,1965-10-01,"3976 Lyons Ranch Port Brandonside, VA 35257"
52,Alex,Reyes,0312994619,alex.reyes15,alex.reyes15@gmail.com,247022772877,1964-10-24,"0224 Vasquez Canyon Davisberg, MP 27753"
53,Heather,Gallegos,0646547457,heather.gallegos40,heather.gallegos40@yahoo.com,237524485296,1978-08-30,"3303 Bryant Ranch Suite 832 Kevinview, DE 09661"
54,Robert,Cline,0089127090,robert.cline28,robert.cline28@hotmail.com,296061674933,1971-06-25,"441 Webster Tunnel Suite 615 South Walterport, VI 58077"
55,Carl,Carpenter,0662529141,carl.carpenter36,carl.carpenter36@hotmail.com,667247042786,1971-06-12,USS Murray FPO AP 50976
56,Natasha,Lane,0658697640,natasha.lane97,natasha.lane97@gmail.com,278767932753,2006-01-01,"6689 Jonathan Stream Suite 021 Lake Tommymouth, WV 50786"
57,Kevin,Vazquez,0166212524,kevin.vazquez43,kevin.vazquez43@hotmail.com,923601151275,1986-05-17,"314 Browning Throughway Phelpshaven, OK 86302"
58,Charles,Bowman,0284108628,charles.bowman33,charles.bowman33@yahoo.com,751293946382,1980-03-28,"6613 Stephanie Throughway Suite 773 Lake Ashley, NH 52948"
59,Robert,Henderson,0131767272,robert.henderson44,robert.henderson44@yahoo.com,760479254014,1964-01-06,"5586 Higgins Locks Suite 912 North Catherineside, MD 55038"
60,Cristina,Santos,0310675980,cristina.santos53,cristina.santos53@hotmail.com,887665180633,1983-07-29,"23712 Patricia Drives Hernandezport, SD 38103"
61,Crystal,Reynolds,0770892853,crystal.reynolds51,crystal.reynolds51@hotmail.com,113128778029,1969-01-24,"74267 Tammy Highway Port Beth, GA 61957"
62,Adam,Sparks,0910123985,adam.sparks50,adam.sparks50@hotmail.com,366577374594,2002-01-14,"32376 Rebecca Flat West Julie, GU 36655"
63,Michael,Meadows,0744977899,michael.meadows49,michael.meadows49@gmail.com,457089526041,2002-04-08,"3722 Angelica Freeway Jonesberg, IN 93961"
64,Danny,Brooks,0696862628,danny.brooks23,danny.brooks23@yahoo.com,015332981426,1971-05-08,"4479 Watkins Course Lake Michelle, PR 25738"
65,Timothy,Lloyd,0407966421,timothy.lloyd94,timothy.lloyd94@hotmail.com,295635194901,1975-03-01,"12585 Jackson Knolls Suite 673 South Kaylahaven, VI 66344"
66,William,Taylor,0251170568,william.taylor88,william.taylor88@hotmail.com,176179751174,2001-03-09,"49332 Michael Rapids Paulbury, TN 49711"
67,Lisa,Cook,0497879605,lisa.cook73,lisa.cook73@gmail.com,026366211369,1997-02-11,"4128 Carolyn Vista Suite 863 East Katherineton, LA 97250"
68,Kari,Johnson,0688172245,kari.johnson21,kari.johnson21@yahoo.com,192300851318,2003-01-23,"2592 Kenneth Trace Barbermouth, TN 05414"
69,Sabrina,Ayers,0561634606,sabrina.ayers8,sabrina.ayers8@hotmail.com,966184205488,1968-12-31,"508 Wood Cove New Richardmouth, MS 08023"
70,Isaac,Moyer,0895451839,isaac.moyer66,isaac.moyer66@hotmail.com,061794406405,1968-10-05,"7706 Snyder Hills Port Maryside, WV 43877"
71,Jerry,James,0740836981,jerry.james79,jerry.james79@gmail.com,183672754075,1956-05-10,"944 Kirk Wall Suite 637 Rasmussenview, NM 44471"
72,Gary,Houston,0645932085,gary.houston80,gary.houston80@yahoo.com,975144019218,2006-09-16,"PSC 1943, Box 6428 APO AA 85871"
73,Kevin,Martin,0970617935,kevin.martin27,kevin.martin27@hotmail.com,443345267997,1975-05-03,"4566 Mark Locks West Alexander, AL 44437"
74,Linda,Taylor,0965470996,linda.taylor82,linda.taylor82@gmail.com,898650559319,1999-12-09,"534 Carrie Lights Suite 053 Lewistown, NY 02338"
75,Stephanie,Jenkins,0920062388,stephanie.jenkins21,stephanie.jenkins21@hotmail.com,298577232565,1972-07-28,"16263 Robert Islands Adamside, ND 03168"
76,Lisa,Miller,0528224339,lisa.miller68,lisa.miller68@hotmail.com,269958214880,1966-08-22,"471 Matthew Walks Suite 684 Downston, MT 81233"
77,Sabrina,Evans,0920830819,sabrina.evans84,sabrina.evans84@yahoo.com,493640163389,2005-10-18,USS Cooper FPO AE 78501
78,Sergio,Tucker,0086239285,sergio.tucker4,sergio.tucker4@yahoo.com,353115662649,1988-07-03,"261 Ian Flats Hebertview, VT 32340"
79,Samantha,Jackson,0562351901,samantha.jackson50,samantha.jackson50@hotmail.com,758285829496,2005-06-10,"354 Virginia Shoals Suite 926 Adrianview, ID 55041"
80,Russell,Miller,0621948237,russell.miller71,russell.miller71@gmail.com,865879877542,1977-06-13,"665 Elizabeth Springs Jenniferbury, IN 34226"
81,Katherine,Smith,0280107972,katherine.smith49,katherine.smith49@yahoo.com,849133425291,1966-05-08,"9547 Douglas Isle Suite 995 Lake Connieville, MN 89933"
82,Ashley,Ward,0922124478,ashley.ward57,ashley.ward57@hotmail.com,296024967824,1980-06-28,"70069 Michael Glen Lake Jason, CA 51293"
83,Christopher,Kelley,0586147741,christopher.kelley61,christopher.kelley61@gmail.com,251989295801,1977-04-14,"274 Mark Path Ramirezburgh, MA 34749"
84,Cynthia,Perkins,0410457436,cynthia.perkins38,cynthia.perkins38@hotmail.com,921564794089,1997-03-27,"9785 Lee Groves Apt. 410 South Melody, IA 97628"
85,Jerry,Gaines,0842632744,jerry.gaines69,jerry.gaines69@hotmail.com,417811923915,2003-11-14,"02645 Amanda Square Suite 764 South Nathanhaven, ND 58795"
86,Anthony,Bryan,0566526125,anthony.bryan56,anthony.bryan56@gmail.com,684885827846,2003-10-15,"7150 Daniel Summit Apt. 767 Timothyburgh, MT 87989"
87,Austin,Chandler,0076775008,austin.chandler26,austin.chandler26@yahoo.com,575770814265,2001-05-10,"32604 Jennifer Village Apt. 623 Hillfort, NV 22735"
88,Linda,Mills,0116591416,linda.mills1,linda.mills1@gmail.com,112810324174,2006-11-04,"2241 Jill Common Suite 863 South Calvinshire, CO 56695"
89,Crystal,Moore,0981374208,crystal.moore69,crystal.moore69@hotmail.com,285412521102,2002-03-10,"93613 Mclaughlin Locks North Lori, MI 88380"
90,Tyrone,Collier,0903364293,tyrone.collier6,tyrone.collier6@hotmail.com,437557675222,1959-12-06,"886 Smith Flat Suite 381 Lewismouth, MP 80644"
91,Vincent,Parker,0762838930,vincent.parker76,vincent.parker76@yahoo.com,469914887130,2003-12-09,"PSC 2785, Box 3860 APO AP 91248"
92,Todd,May,0681561576,todd.may54,todd.may54@gmail.com,394379981172,1957-08-17,"092 Juan Course Suite 191 Lake Michelle, MD 75397"
93,Kristine,Miller,0603051775,kristine.miller99,kristine.miller99@gmail.com,668698053381,1978-04-09,Unit 9268 Box 1614 DPO AA 10277
94,Michele,Sawyer,0159348717,michele.sawyer20,michele.sawyer20@hotmail.com,540975705198,1970-11-30,"881 Baker Landing Suite 811 Jacobburgh, OK 28269"
95,Peter,Davis,0420183293,peter.davis88,peter.davis88@gmail.com,803944304118,1976-11-11,"400 Courtney Manors Apt. 043 North Justinfort, NV 62328"
96,Kim,Rivera,0019217841,kim.rivera9,kim.rivera9@yahoo.com,775562603208,1984-10-24,"917 Brian View Lake Jessicatown, CT 47806"
97,William,Gonzalez,0762786162,william.gonzalez53,william.gonzalez53@gmail.com,081864047698,1966-01-10,"8926 Carlson Port Apt. 062 North Anthony, WV 45269"
98,Juan,Nichols,0103928331,juan.nichols39,juan.nichols39@hotmail.com,040179939984,1994-03-22,"9269 Nichole Shore Mariashire, RI 36154"
99,Pam,Lopez,0710045815,pam.lopez20,pam.lopez20@hotmail.com,377010411573,1985-01-30,"46297 Beck Inlet Suite 289 Brendaburgh, RI 47443"
100,William,Barnes,0724797552,william.barnes1,william.barnes1@yahoo.com,928995972402,1990-02-19,"4464 Porter Fork Suite 112 Williamsberg, LA 57050"
=======
customer_id,first_name,last_name,phone_number,username,email_address,national_id,dob,address
1,Melissa,Young,0046236139,melissa.young36,melissa.young36@gmail.com,985987914197,1987-05-28,"4515 Osborne Neck
South Kirk, MT 09320"
2,Shelley,Lynch,0786460466,shelley.lynch2,shelley.lynch2@yahoo.com,226620774950,1969-11-05,"00311 Jacobs Shore Apt. 316
Murrayberg, PA 38215"
3,Brett,Washington,0263222767,brett.washington86,brett.washington86@gmail.com,445103935652,1981-06-16,"1252 Holly Hollow Suite 326
East Katherine, IN 54413"
4,Timothy,Schmidt,0261011803,timothy.schmidt86,timothy.schmidt86@hotmail.com,040682027784,2003-01-02,"193 Jessica Extension
Perkinsville, GU 77591"
5,Tonya,Hernandez,0836780708,tonya.hernandez66,tonya.hernandez66@gmail.com,678399887332,1967-02-20,"4690 Harris Route
North Brianburgh, OK 81791"
6,Christopher,Smith,0469584980,christopher.smith51,christopher.smith51@yahoo.com,000953403749,2006-07-17,"365 Richardson Parks
Andrewfort, NC 47002"
7,Lauren,Casey,0494604594,lauren.casey18,lauren.casey18@gmail.com,638588686169,1988-08-19,"26289 Brandy Court
Jessicashire, OR 71205"
8,Deanna,Richardson,0031030953,deanna.richardson68,deanna.richardson68@hotmail.com,145754572221,1965-06-09,"738 Hanson Alley Apt. 563
East Christina, OH 32388"
9,Marissa,Ramirez,0863807507,marissa.ramirez82,marissa.ramirez82@gmail.com,873594967436,1993-12-11,"714 Rebecca Divide
West Matthewport, SC 17292"
10,Eric,Warner,0368980421,eric.warner27,eric.warner27@yahoo.com,388417862761,1980-10-01,"5434 Weeks Summit
Hayesberg, WA 77427"
>>>>>>> a871091e71e674c1dabafd8277490e72dc4aa4ed
